{
    "stat_creep_flag": false,
    "loadcell_fullscale": 10,
    "min_pos": -10.0,
    "max_pos": 10.0,
    "num_pos": 40,
    "step_pos": 0.5,
    "wait_time": 1000,
    "avg_flag": false,
    "ar_flag": 0,
    "th1_val": 1.5,
    "th1_avg": 10,
    "th2_val": 3.0,
    "th2_avg": 3,
    "th3_val": 4.0,
    "th3_avg": 2,
    "vel_flag": true,
    "vel_max": 100.0,
    "acc_max": 5.0,
    "time_flag": false,
    "time_max": 0.5,
    "creep_displ": -0.167,
    "creep_period": 100.0,
    "creep_duration": 5.0
}