{
    "stat_creep_flag": false,
    "loadcell_fullscale": 10,
    "min_pos": -11.0,
    "max_pos": 11.0,
    "num_pos": 88,
    "step_pos": 0.25,
    "wait_time": 1000,
    "avg_flag": false,
    "ar_flag": 1,
    "tracking_flag": false,
    "th1_val": 2.5,
    "th1_avg": 5,
    "th2_val": 5.0,
    "th2_avg": 2,
    "th3_val": 11.0,
    "th3_avg": 1,
    "zero_approx": 0.02,
    "zero_avg": 5,
    "vel_flag": true,
    "vel_max": 15.0,
    "acc_max": 10.0,
    "time_flag": false,
    "time_max": 0.5,
    "creep_displ": 5.0,
    "creep_period": 100.0,
    "creep_duration": 21600.0,
    "search_zero_flag": true,
    "up_disk_weight": 129.3,
    "dw_disk_weight": 107.7,
    "vc_coil_weight": 42.37
}